{
    "version": "1.0",
    "explanations": {
        "kernel_shap": {
            "label0": {
                "global_shap_values": {
                    "Age": 0.003924295071264681,
                    "fnlwgt": 0.003610867461501591,
                    "Education-Num": 0.004133912940665662,
                    "Capital Gain": 0.012329489803924449,
                    "Capital Loss": 0.003712137816610227,
                    "Hours per week": 0.0035148481447012697,
                    "Workclass_Federal-gov": 0.0029621357409687645,
                    "Workclass_Local-gov": 0.0028960852221986363,
                    "Workclass_Never-worked": 0.00280850121207463,
                    "Workclass_Private": 0.003007197205975826,
                    "Workclass_Self-emp-inc": 0.0028677456079768534,
                    "Workclass_Self-emp-not-inc": 0.002930883016256017,
                    "Workclass_State-gov": 0.002882562216619759,
                    "Workclass_Without-pay": 0.0028346802382592626,
                    "Education_11th": 0.0029128784560108144,
                    "Education_12th": 0.0028793008383041214,
                    "Education_1st-4th": 0.002853538040546011,
                    "Education_5th-6th": 0.0029354869048072493,
                    "Education_7th-8th": 0.0028507422171899165,
                    "Education_9th": 0.002880488546429049,
                    "Education_Assoc-acdm": 0.00286943836185694,
                    "Education_Assoc-voc": 0.002841325795442783,
                    "Education_Bachelors": 0.002853429273166818,
                    "Education_Doctorate": 0.0028722591991674844,
                    "Education_HS-grad": 0.002884429123710643,
                    "Education_Masters": 0.002885851588157064,
                    "Education_Preschool": 0.0029316779483260554,
                    "Education_Prof-school": 0.0028950787962732506,
                    "Education_Some-college": 0.0029171403190073985,
                    "Marital Status_Married-AF-spouse": 0.0028075282051635174,
                    "Marital Status_Married-civ-spouse": 0.007204721895918277,
                    "Marital Status_Married-spouse-absent": 0.0028435205596512264,
                    "Marital Status_Never-married": 0.0029655041625504196,
                    "Marital Status_Separated": 0.002882849935589084,
                    "Marital Status_Widowed": 0.0028815886823380685,
                    "Occupation_Adm-clerical": 0.002924419523911368,
                    "Occupation_Armed-Forces": 0.002827235726285291,
                    "Occupation_Craft-repair": 0.0028806079504503567,
                    "Occupation_Exec-managerial": 0.003276730314571212,
                    "Occupation_Farming-fishing": 0.002902622902323126,
                    "Occupation_Handlers-cleaners": 0.00291201333773362,
                    "Occupation_Machine-op-inspct": 0.0028809181013687984,
                    "Occupation_Other-service": 0.0029284502055749347,
                    "Occupation_Priv-house-serv": 0.002868976651604098,
                    "Occupation_Prof-specialty": 0.0031907383721882,
                    "Occupation_Protective-serv": 0.0029269821393024345,
                    "Occupation_Sales": 0.002995625320775795,
                    "Occupation_Tech-support": 0.0029557812059767406,
                    "Occupation_Transport-moving": 0.002870358988701995,
                    "Relationship_Not-in-family": 0.0029495561790560845,
                    "Relationship_Other-relative": 0.002931781078382204,
                    "Relationship_Own-child": 0.002902062249853167,
                    "Relationship_Unmarried": 0.002935485801891584,
                    "Relationship_Wife": 0.0030279687193876044,
                    "Ethnic group_Asian-Pac-Islander": 0.002910060184934195,
                    "Ethnic group_Black": 0.002849117268303173,
                    "Ethnic group_Other": 0.0028708867198175263,
                    "Ethnic group_White": 0.0029280261152916745,
                    "Sex_Male": 0.0031315022843800074,
                    "Country_Cambodia": 0.002894734814342452,
                    "Country_Canada": 0.0027893373535401045,
                    "Country_China": 0.0028550351539519624,
                    "Country_Columbia": 0.002889011530473434,
                    "Country_Cuba": 0.002808489674663218,
                    "Country_Dominican-Republic": 0.002868440204003297,
                    "Country_Ecuador": 0.002862330570304596,
                    "Country_El-Salvador": 0.002919264702505293,
                    "Country_England": 0.002866751959485722,
                    "Country_France": 0.0028761759097427277,
                    "Country_Germany": 0.002866252429781883,
                    "Country_Greece": 0.002861273182623638,
                    "Country_Guatemala": 0.0028670137963697872,
                    "Country_Haiti": 0.0027991626044463376,
                    "Country_Holand-Netherlands": 0.0028780402897622685,
                    "Country_Honduras": 0.0028744381928691772,
                    "Country_Hong": 0.002853871744959282,
                    "Country_Hungary": 0.002895179584896158,
                    "Country_India": 0.0028453946989436575,
                    "Country_Iran": 0.0028484942926815795,
                    "Country_Ireland": 0.0029005185814177884,
                    "Country_Italy": 0.0028734694071438664,
                    "Country_Jamaica": 0.002904810437713523,
                    "Country_Japan": 0.00287537609289315,
                    "Country_Laos": 0.0028602016101005375,
                    "Country_Mexico": 0.0029234401583272196,
                    "Country_Nicaragua": 0.0028873720459455772,
                    "Country_Outlying-US(Guam-USVI-etc)": 0.0028726998272111605,
                    "Country_Peru": 0.0028148865761072786,
                    "Country_Philippines": 0.0028713016069273705,
                    "Country_Poland": 0.0028681540710886297,
                    "Country_Portugal": 0.0028660259500042865,
                    "Country_Puerto-Rico": 0.0028121307308741216,
                    "Country_Scotland": 0.0028881288225937572,
                    "Country_South": 0.0028600728011667228,
                    "Country_Taiwan": 0.0028649853286574125,
                    "Country_Thailand": 0.0029083757061714546,
                    "Country_Trinadad&Tobago": 0.0028571540989520555,
                    "Country_United-States": 0.0029164144495389703,
                    "Country_Vietnam": 0.0028132834742777887,
                    "Country_Yugoslavia": 0.08276428467484931
                },
                "expected_value": 0.005130106117576361
            }
        }
    }
}